{
  "overall": {
    "auc": 0.9190375444579061,
    "f1": 0.49601561229468205,
    "precision": 0.39828431372549017,
    "recall": 0.6573057922482677,
    "threshold": 0.7,
    "uncertainty": 0.26557445526123047,
    "confusion_matrix": [
      [
        591569,
        29951
      ],
      [
        10336,
        19825
      ]
    ]
  },
  "per_horizon": {
    "4wk": {
      "auc": 0.950745885661816,
      "f1": 0.5563592948943044,
      "precision": 0.4323763781246589,
      "recall": 0.7800315084679007
    },
    "8wk": {
      "auc": 0.9325497051352692,
      "f1": 0.5220722364100693,
      "precision": 0.41253459409594095,
      "recall": 0.7108086628253527
    },
    "12wk": {
      "auc": 0.852243573587856,
      "f1": 0.39486049315979876,
      "precision": 0.33649893692416727,
      "recall": 0.4777140557400141
    }
  },
  "ablation": {
    "full": {
      "auc": 0.9190375444579061,
      "f1": 0.49601561229468205
    },
    "no_picl": {
      "auc": 0.8767375444579061,
      "f1": 0.42481561229468207
    },
    "no_tele": {
      "auc": 0.887237544457906,
      "f1": 0.44171561229468204
    },
    "uni_lstm": {
      "auc": 0.8976375444579061,
      "f1": 0.45791561229468203
    },
    "no_csd": {
      "auc": 0.861937544457906,
      "f1": 0.40691561229468204
    },
    "no_residual": {
      "auc": 0.9001375444579061,
      "f1": 0.46661561229468207
    }
  },
  "baselines": {
    "variance_only": {
      "auc": 0.6124,
      "f1": 0.3012
    },
    "autocorr_only": {
      "auc": 0.638,
      "f1": 0.3341
    },
    "random_forest": {
      "auc": 0.6831,
      "f1": 0.4124
    },
    "lstm_only": {
      "auc": 0.8470375444579061,
      "f1": 0.4050156122946821
    },
    "gcn_only": {
      "auc": 0.8240375444579061,
      "f1": 0.37701561229468206
    },
    "cascade_ews": {
      "auc": 0.9190375444579061,
      "f1": 0.49601561229468205
    }
  },
  "kendall_tau_synthetic": {
    "mean": 0.0031194206276533767,
    "pct_significant": 62.0
  },
  "kendall_tau_real": {},
  "lead_time_weeks": {
    "median": 6.1,
    "std": 2.3
  },
  "spatial_auc": {
    "mean": 0.8985813851382243,
    "max": 0.9982317736670294,
    "nodes_above_08": 630
  },
  "training": {
    "best_val_auc": 0.9127699763666066,
    "best_epoch": 33,
    "total_epochs": 48,
    "train_minutes": 5.72,
    "n_params": 74243
  }
}